start_year,end_year,arrival_events,unique_arrivals
2016,2016,1740,1740
2016,2017,2532,2532
2016,2018,3888,3885
2016,2019,5097,5091
2016,2020,7382,7360
2016,2021,8542,8500
2016,2022,9995,9931
2016,2023,11167,11081
2016,2024,13213,13079
2016,2025,14499,14330
2017,2017,792,792
2017,2018,2148,2148
2017,2019,3357,3355
2017,2020,5642,5635
2017,2021,6802,6785
2017,2022,8255,8221
2017,2023,9427,9376
2017,2024,11473,11385
2017,2025,12759,12646
2018,2018,1356,1356
2018,2019,2565,2565
2018,2020,4850,4850
2018,2021,6010,6004
2018,2022,7463,7443
2018,2023,8635,8602
2018,2024,10681,10617
2018,2025,11967,11880
2019,2019,1209,1209
2019,2020,3494,3494
2019,2021,4654,4652
2019,2022,6107,6098
2019,2023,7279,7263
2019,2024,9325,9288
2019,2025,10611,10555
2020,2020,2285,2285
2020,2021,3445,3445
2020,2022,4898,4892
2020,2023,6070,6061
2020,2024,8116,8093
2020,2025,9402,9362
2021,2021,1160,1160
2021,2022,2613,2613
2021,2023,3785,3784
2021,2024,5831,5825
2021,2025,7117,7099
2022,2022,1453,1453
2022,2023,2625,2625
2022,2024,4671,4671
2022,2025,5957,5949
2023,2023,1172,1172
2023,2024,3218,3218
2023,2025,4504,4502
2024,2024,2046,2046
2024,2025,3332,3332
2025,2025,1286,1286
