cohort_year,origin_type,origin_state,origin_county,origin_name,origin_class,origin_confidence,movers
2016,NC_COUNTY,NC,ALAMANCE,Alamance County,INTRASTATE,OBSERVED,3
2016,NC_COUNTY,NC,ALEXANDER,Alexander County,INTRASTATE,OBSERVED,1
2016,NC_COUNTY,NC,BRUNSWICK,Brunswick County,INTRASTATE,OBSERVED,2
2016,NC_COUNTY,NC,BUNCOMBE,Buncombe County,INTRASTATE,OBSERVED,8
2016,NC_COUNTY,NC,CABARRUS,Cabarrus County,INTRASTATE,OBSERVED,14
2016,NC_COUNTY,NC,CATAWBA,Catawba County,INTRASTATE,OBSERVED,4
2016,NC_COUNTY,NC,CHATHAM,Chatham County,INTRASTATE,OBSERVED,1
2016,NC_COUNTY,NC,CLAY,Clay County,INTRASTATE,OBSERVED,2
2016,NC_COUNTY,NC,CLEVELAND,Cleveland County,INTRASTATE,OBSERVED,23
2016,NC_COUNTY,NC,CRAVEN,Craven County,INTRASTATE,OBSERVED,2
2016,NC_COUNTY,NC,CUMBERLAND,Cumberland County,INTRASTATE,OBSERVED,2
2016,NC_COUNTY,NC,DAVIDSON,Davidson County,INTRASTATE,OBSERVED,1
2016,NC_COUNTY,NC,DURHAM,Durham County,INTRASTATE,OBSERVED,6
2016,NC_COUNTY,NC,FORSYTH,Forsyth County,INTRASTATE,OBSERVED,6
2016,NC_COUNTY,NC,GASTON,Gaston County,INTRASTATE,OBSERVED,470
2016,NC_COUNTY,NC,GUILFORD,Guilford County,INTRASTATE,OBSERVED,8
2016,NC_COUNTY,NC,HAYWOOD,Haywood County,INTRASTATE,OBSERVED,1
2016,NC_COUNTY,NC,HENDERSON,Henderson County,INTRASTATE,OBSERVED,1
2016,NC_COUNTY,NC,HOKE,Hoke County,INTRASTATE,OBSERVED,1
2016,NC_COUNTY,NC,IREDELL,Iredell County,INTRASTATE,OBSERVED,9
2016,NC_COUNTY,NC,JACKSON,Jackson County,INTRASTATE,OBSERVED,4
2016,NC_COUNTY,NC,JOHNSTON,Johnston County,INTRASTATE,OBSERVED,2
2016,NC_COUNTY,NC,LINCOLN,Lincoln County,INTRASTATE,OBSERVED,11
2016,NC_COUNTY,NC,MARTIN,Martin County,INTRASTATE,OBSERVED,1
2016,NC_COUNTY,NC,MECKLENBURG,Mecklenburg County,INTRASTATE,OBSERVED,286
2016,NC_COUNTY,NC,MITCHELL,Mitchell County,INTRASTATE,OBSERVED,2
2016,NC_COUNTY,NC,NEW HANOVER,New Hanover County,INTRASTATE,OBSERVED,4
2016,NC_COUNTY,NC,ORANGE,Orange County,INTRASTATE,OBSERVED,6
2016,NC_COUNTY,NC,PASQUOTANK,Pasquotank County,INTRASTATE,OBSERVED,1
2016,NC_COUNTY,NC,PITT,Pitt County,INTRASTATE,OBSERVED,11
2016,NC_COUNTY,NC,RANDOLPH,Randolph County,INTRASTATE,OBSERVED,1
2016,NC_COUNTY,NC,RICHMOND,Richmond County,INTRASTATE,OBSERVED,2
2016,NC_COUNTY,NC,ROBESON,Robeson County,INTRASTATE,OBSERVED,1
2016,NC_COUNTY,NC,ROWAN,Rowan County,INTRASTATE,OBSERVED,2
2016,NC_COUNTY,NC,RUTHERFORD,Rutherford County,INTRASTATE,OBSERVED,6
2016,NC_COUNTY,NC,SCOTLAND,Scotland County,INTRASTATE,OBSERVED,1
2016,NC_COUNTY,NC,STANLY,Stanly County,INTRASTATE,OBSERVED,2
2016,NC_COUNTY,NC,TRANSYLVANIA,Transylvania County,INTRASTATE,OBSERVED,1
2016,NC_COUNTY,NC,UNION,Union County,INTRASTATE,OBSERVED,15
2016,NC_COUNTY,NC,WAKE,Wake County,INTRASTATE,OBSERVED,18
2016,NC_COUNTY,NC,WATAUGA,Watauga County,INTRASTATE,OBSERVED,11
2016,NC_COUNTY,NC,WILKES,Wilkes County,INTRASTATE,OBSERVED,2
2016,NC_COUNTY,NC,YADKIN,Yadkin County,INTRASTATE,OBSERVED,1
2016,STATE,AK,,Alaska,LIKELY_INTERSTATE,INFERRED,1
2016,STATE,AL,,Alabama,LIKELY_INTERSTATE,INFERRED,6
2016,STATE,AR,,Arkansas,LIKELY_INTERSTATE,INFERRED,1
2016,STATE,CA,,California,LIKELY_INTERSTATE,INFERRED,8
2016,STATE,CO,,Colorado,LIKELY_INTERSTATE,INFERRED,1
2016,STATE,CT,,Connecticut,LIKELY_INTERSTATE,INFERRED,1
2016,STATE,DC,,District of Columbia,LIKELY_INTERSTATE,INFERRED,1
2016,STATE,DE,,Delaware,LIKELY_INTERSTATE,INFERRED,2
2016,STATE,FL,,Florida,LIKELY_INTERSTATE,INFERRED,13
2016,STATE,GA,,Georgia,LIKELY_INTERSTATE,INFERRED,11
2016,STATE,HI,,Hawaii,LIKELY_INTERSTATE,INFERRED,1
2016,STATE,IA,,Iowa,LIKELY_INTERSTATE,INFERRED,2
2016,STATE,ID,,Idaho,LIKELY_INTERSTATE,INFERRED,1
2016,STATE,IL,,Illinois,LIKELY_INTERSTATE,INFERRED,6
2016,STATE,IN,,Indiana,LIKELY_INTERSTATE,INFERRED,4
2016,STATE,KS,,Kansas,LIKELY_INTERSTATE,INFERRED,2
2016,STATE,KY,,Kentucky,LIKELY_INTERSTATE,INFERRED,2
2016,STATE,LA,,Louisiana,LIKELY_INTERSTATE,INFERRED,2
2016,STATE,MA,,Massachusetts,LIKELY_INTERSTATE,INFERRED,6
2016,STATE,MD,,Maryland,LIKELY_INTERSTATE,INFERRED,8
2016,STATE,ME,,Maine,LIKELY_INTERSTATE,INFERRED,2
2016,STATE,MI,,Michigan,LIKELY_INTERSTATE,INFERRED,10
2016,STATE,MN,,Minnesota,LIKELY_INTERSTATE,INFERRED,2
2016,STATE,MO,,Missouri,LIKELY_INTERSTATE,INFERRED,3
2016,STATE,MS,,Mississippi,LIKELY_INTERSTATE,INFERRED,3
2016,STATE,MT,,Montana,LIKELY_INTERSTATE,INFERRED,1
2016,STATE,NE,,Nebraska,LIKELY_INTERSTATE,INFERRED,2
2016,STATE,NH,,New Hampshire,LIKELY_INTERSTATE,INFERRED,1
2016,STATE,NJ,,New Jersey,LIKELY_INTERSTATE,INFERRED,11
2016,STATE,NY,,New York,LIKELY_INTERSTATE,INFERRED,31
2016,STATE,OH,,Ohio,LIKELY_INTERSTATE,INFERRED,17
2016,STATE,PA,,Pennsylvania,LIKELY_INTERSTATE,INFERRED,8
2016,STATE,SC,,South Carolina,LIKELY_INTERSTATE,INFERRED,21
2016,STATE,TN,,Tennessee,LIKELY_INTERSTATE,INFERRED,5
2016,STATE,TX,,Texas,LIKELY_INTERSTATE,INFERRED,3
2016,STATE,UT,,Utah,LIKELY_INTERSTATE,INFERRED,1
2016,STATE,VA,,Virginia,LIKELY_INTERSTATE,INFERRED,14
2016,STATE,WA,,Washington,LIKELY_INTERSTATE,INFERRED,3
2016,STATE,WI,,Wisconsin,LIKELY_INTERSTATE,INFERRED,2
2016,STATE,WV,,West Virginia,LIKELY_INTERSTATE,INFERRED,5
2016,STATE,WY,,Wyoming,LIKELY_INTERSTATE,INFERRED,1
2017,NC_COUNTY,NC,ALAMANCE,Alamance County,INTRASTATE,OBSERVED,1
2017,NC_COUNTY,NC,ALEXANDER,Alexander County,INTRASTATE,OBSERVED,1
2017,NC_COUNTY,NC,BEAUFORT,Beaufort County,INTRASTATE,OBSERVED,1
2017,NC_COUNTY,NC,BRUNSWICK,Brunswick County,INTRASTATE,OBSERVED,1
2017,NC_COUNTY,NC,BUNCOMBE,Buncombe County,INTRASTATE,OBSERVED,1
2017,NC_COUNTY,NC,BURKE,Burke County,INTRASTATE,OBSERVED,3
2017,NC_COUNTY,NC,CABARRUS,Cabarrus County,INTRASTATE,OBSERVED,5
2017,NC_COUNTY,NC,CATAWBA,Catawba County,INTRASTATE,OBSERVED,1
2017,NC_COUNTY,NC,CHATHAM,Chatham County,INTRASTATE,OBSERVED,1
2017,NC_COUNTY,NC,CLEVELAND,Cleveland County,INTRASTATE,OBSERVED,2
2017,NC_COUNTY,NC,CRAVEN,Craven County,INTRASTATE,OBSERVED,1
2017,NC_COUNTY,NC,DAVIDSON,Davidson County,INTRASTATE,OBSERVED,1
2017,NC_COUNTY,NC,DURHAM,Durham County,INTRASTATE,OBSERVED,1
2017,NC_COUNTY,NC,FORSYTH,Forsyth County,INTRASTATE,OBSERVED,4
2017,NC_COUNTY,NC,GASTON,Gaston County,INTRASTATE,OBSERVED,267
2017,NC_COUNTY,NC,GUILFORD,Guilford County,INTRASTATE,OBSERVED,5
2017,NC_COUNTY,NC,JACKSON,Jackson County,INTRASTATE,OBSERVED,1
2017,NC_COUNTY,NC,JOHNSTON,Johnston County,INTRASTATE,OBSERVED,1
2017,NC_COUNTY,NC,LEE,Lee County,INTRASTATE,OBSERVED,1
2017,NC_COUNTY,NC,LINCOLN,Lincoln County,INTRASTATE,OBSERVED,3
2017,NC_COUNTY,NC,MECKLENBURG,Mecklenburg County,INTRASTATE,OBSERVED,123
2017,NC_COUNTY,NC,NASH,Nash County,INTRASTATE,OBSERVED,1
2017,NC_COUNTY,NC,NEW HANOVER,New Hanover County,INTRASTATE,OBSERVED,2
2017,NC_COUNTY,NC,ONSLOW,Onslow County,INTRASTATE,OBSERVED,1
2017,NC_COUNTY,NC,RANDOLPH,Randolph County,INTRASTATE,OBSERVED,1
2017,NC_COUNTY,NC,ROCKINGHAM,Rockingham County,INTRASTATE,OBSERVED,1
2017,NC_COUNTY,NC,RUTHERFORD,Rutherford County,INTRASTATE,OBSERVED,2
2017,NC_COUNTY,NC,UNION,Union County,INTRASTATE,OBSERVED,6
2017,NC_COUNTY,NC,WAKE,Wake County,INTRASTATE,OBSERVED,4
2017,NC_COUNTY,NC,WATAUGA,Watauga County,INTRASTATE,OBSERVED,3
2017,STATE,AR,,Arkansas,LIKELY_INTERSTATE,INFERRED,1
2017,STATE,CA,,California,LIKELY_INTERSTATE,INFERRED,8
2017,STATE,CO,,Colorado,LIKELY_INTERSTATE,INFERRED,1
2017,STATE,CT,,Connecticut,LIKELY_INTERSTATE,INFERRED,5
2017,STATE,DC,,District of Columbia,LIKELY_INTERSTATE,INFERRED,2
2017,STATE,DE,,Delaware,LIKELY_INTERSTATE,INFERRED,1
2017,STATE,FL,,Florida,LIKELY_INTERSTATE,INFERRED,4
2017,STATE,GA,,Georgia,LIKELY_INTERSTATE,INFERRED,6
2017,STATE,ID,,Idaho,LIKELY_INTERSTATE,INFERRED,2
2017,STATE,IL,,Illinois,LIKELY_INTERSTATE,INFERRED,4
2017,STATE,IN,,Indiana,LIKELY_INTERSTATE,INFERRED,1
2017,STATE,KY,,Kentucky,LIKELY_INTERSTATE,INFERRED,2
2017,STATE,LA,,Louisiana,LIKELY_INTERSTATE,INFERRED,2
2017,STATE,MA,,Massachusetts,LIKELY_INTERSTATE,INFERRED,6
2017,STATE,MD,,Maryland,LIKELY_INTERSTATE,INFERRED,3
2017,STATE,ME,,Maine,LIKELY_INTERSTATE,INFERRED,1
2017,STATE,MI,,Michigan,LIKELY_INTERSTATE,INFERRED,6
2017,STATE,ND,,North Dakota,LIKELY_INTERSTATE,INFERRED,2
2017,STATE,NE,,Nebraska,LIKELY_INTERSTATE,INFERRED,1
2017,STATE,NJ,,New Jersey,LIKELY_INTERSTATE,INFERRED,5
2017,STATE,NY,,New York,LIKELY_INTERSTATE,INFERRED,19
2017,STATE,OH,,Ohio,LIKELY_INTERSTATE,INFERRED,12
2017,STATE,OK,,Oklahoma,LIKELY_INTERSTATE,INFERRED,1
2017,STATE,PA,,Pennsylvania,LIKELY_INTERSTATE,INFERRED,9
2017,STATE,SC,,South Carolina,LIKELY_INTERSTATE,INFERRED,14
2017,STATE,SD,,South Dakota,LIKELY_INTERSTATE,INFERRED,3
2017,STATE,TN,,Tennessee,LIKELY_INTERSTATE,INFERRED,5
2017,STATE,TX,,Texas,LIKELY_INTERSTATE,INFERRED,9
2017,STATE,VA,,Virginia,LIKELY_INTERSTATE,INFERRED,4
2017,STATE,WA,,Washington,LIKELY_INTERSTATE,INFERRED,1
2017,STATE,WI,,Wisconsin,LIKELY_INTERSTATE,INFERRED,2
2017,STATE,WV,,West Virginia,LIKELY_INTERSTATE,INFERRED,2
2018,NC_COUNTY,NC,ALEXANDER,Alexander County,INTRASTATE,OBSERVED,1
2018,NC_COUNTY,NC,AVERY,Avery County,INTRASTATE,OBSERVED,1
2018,NC_COUNTY,NC,BRUNSWICK,Brunswick County,INTRASTATE,OBSERVED,2
2018,NC_COUNTY,NC,BUNCOMBE,Buncombe County,INTRASTATE,OBSERVED,5
2018,NC_COUNTY,NC,BURKE,Burke County,INTRASTATE,OBSERVED,1
2018,NC_COUNTY,NC,CABARRUS,Cabarrus County,INTRASTATE,OBSERVED,14
2018,NC_COUNTY,NC,CATAWBA,Catawba County,INTRASTATE,OBSERVED,2
2018,NC_COUNTY,NC,CHOWAN,Chowan County,INTRASTATE,OBSERVED,1
2018,NC_COUNTY,NC,CLEVELAND,Cleveland County,INTRASTATE,OBSERVED,18
2018,NC_COUNTY,NC,COLUMBUS,Columbus County,INTRASTATE,OBSERVED,1
2018,NC_COUNTY,NC,CUMBERLAND,Cumberland County,INTRASTATE,OBSERVED,3
2018,NC_COUNTY,NC,DAVIDSON,Davidson County,INTRASTATE,OBSERVED,2
2018,NC_COUNTY,NC,DUPLIN,Duplin County,INTRASTATE,OBSERVED,1
2018,NC_COUNTY,NC,DURHAM,Durham County,INTRASTATE,OBSERVED,4
2018,NC_COUNTY,NC,FORSYTH,Forsyth County,INTRASTATE,OBSERVED,9
2018,NC_COUNTY,NC,GASTON,Gaston County,INTRASTATE,OBSERVED,334
2018,NC_COUNTY,NC,GRANVILLE,Granville County,INTRASTATE,OBSERVED,1
2018,NC_COUNTY,NC,GUILFORD,Guilford County,INTRASTATE,OBSERVED,12
2018,NC_COUNTY,NC,HAYWOOD,Haywood County,INTRASTATE,OBSERVED,1
2018,NC_COUNTY,NC,HENDERSON,Henderson County,INTRASTATE,OBSERVED,3
2018,NC_COUNTY,NC,IREDELL,Iredell County,INTRASTATE,OBSERVED,7
2018,NC_COUNTY,NC,JACKSON,Jackson County,INTRASTATE,OBSERVED,1
2018,NC_COUNTY,NC,LINCOLN,Lincoln County,INTRASTATE,OBSERVED,6
2018,NC_COUNTY,NC,MECKLENBURG,Mecklenburg County,INTRASTATE,OBSERVED,266
2018,NC_COUNTY,NC,MOORE,Moore County,INTRASTATE,OBSERVED,1
2018,NC_COUNTY,NC,NEW HANOVER,New Hanover County,INTRASTATE,OBSERVED,3
2018,NC_COUNTY,NC,ONSLOW,Onslow County,INTRASTATE,OBSERVED,2
2018,NC_COUNTY,NC,ORANGE,Orange County,INTRASTATE,OBSERVED,3
2018,NC_COUNTY,NC,PASQUOTANK,Pasquotank County,INTRASTATE,OBSERVED,1
2018,NC_COUNTY,NC,POLK,Polk County,INTRASTATE,OBSERVED,1
2018,NC_COUNTY,NC,RANDOLPH,Randolph County,INTRASTATE,OBSERVED,1
2018,NC_COUNTY,NC,ROBESON,Robeson County,INTRASTATE,OBSERVED,1
2018,NC_COUNTY,NC,ROWAN,Rowan County,INTRASTATE,OBSERVED,1
2018,NC_COUNTY,NC,RUTHERFORD,Rutherford County,INTRASTATE,OBSERVED,1
2018,NC_COUNTY,NC,SCOTLAND,Scotland County,INTRASTATE,OBSERVED,1
2018,NC_COUNTY,NC,STANLY,Stanly County,INTRASTATE,OBSERVED,2
2018,NC_COUNTY,NC,UNION,Union County,INTRASTATE,OBSERVED,5
2018,NC_COUNTY,NC,WAKE,Wake County,INTRASTATE,OBSERVED,9
2018,NC_COUNTY,NC,WATAUGA,Watauga County,INTRASTATE,OBSERVED,4
2018,NC_COUNTY,NC,YADKIN,Yadkin County,INTRASTATE,OBSERVED,1
2018,STATE,AK,,Alaska,LIKELY_INTERSTATE,INFERRED,1
2018,STATE,AL,,Alabama,LIKELY_INTERSTATE,INFERRED,5
2018,STATE,AR,,Arkansas,LIKELY_INTERSTATE,INFERRED,3
2018,STATE,AZ,,Arizona,LIKELY_INTERSTATE,INFERRED,1
2018,STATE,CA,,California,LIKELY_INTERSTATE,INFERRED,10
2018,STATE,CO,,Colorado,LIKELY_INTERSTATE,INFERRED,1
2018,STATE,CT,,Connecticut,LIKELY_INTERSTATE,INFERRED,2
2018,STATE,DC,,District of Columbia,LIKELY_INTERSTATE,INFERRED,1
2018,STATE,DE,,Delaware,LIKELY_INTERSTATE,INFERRED,1
2018,STATE,FL,,Florida,LIKELY_INTERSTATE,INFERRED,14
2018,STATE,GA,,Georgia,LIKELY_INTERSTATE,INFERRED,8
2018,STATE,IA,,Iowa,LIKELY_INTERSTATE,INFERRED,4
2018,STATE,IL,,Illinois,LIKELY_INTERSTATE,INFERRED,11
2018,STATE,IN,,Indiana,LIKELY_INTERSTATE,INFERRED,3
2018,STATE,KS,,Kansas,LIKELY_INTERSTATE,INFERRED,1
2018,STATE,KY,,Kentucky,LIKELY_INTERSTATE,INFERRED,5
2018,STATE,LA,,Louisiana,LIKELY_INTERSTATE,INFERRED,4
2018,STATE,MA,,Massachusetts,LIKELY_INTERSTATE,INFERRED,4
2018,STATE,MD,,Maryland,LIKELY_INTERSTATE,INFERRED,4
2018,STATE,ME,,Maine,LIKELY_INTERSTATE,INFERRED,2
2018,STATE,MI,,Michigan,LIKELY_INTERSTATE,INFERRED,8
2018,STATE,MN,,Minnesota,LIKELY_INTERSTATE,INFERRED,1
2018,STATE,MO,,Missouri,LIKELY_INTERSTATE,INFERRED,1
2018,STATE,MT,,Montana,LIKELY_INTERSTATE,INFERRED,1
2018,STATE,ND,,North Dakota,LIKELY_INTERSTATE,INFERRED,1
2018,STATE,NH,,New Hampshire,LIKELY_INTERSTATE,INFERRED,3
2018,STATE,NJ,,New Jersey,LIKELY_INTERSTATE,INFERRED,5
2018,STATE,NY,,New York,LIKELY_INTERSTATE,INFERRED,19
2018,STATE,OH,,Ohio,LIKELY_INTERSTATE,INFERRED,19
2018,STATE,OK,,Oklahoma,LIKELY_INTERSTATE,INFERRED,3
2018,STATE,PA,,Pennsylvania,LIKELY_INTERSTATE,INFERRED,10
2018,STATE,SC,,South Carolina,LIKELY_INTERSTATE,INFERRED,10
2018,STATE,TN,,Tennessee,LIKELY_INTERSTATE,INFERRED,5
2018,STATE,TX,,Texas,LIKELY_INTERSTATE,INFERRED,5
2018,STATE,UT,,Utah,LIKELY_INTERSTATE,INFERRED,2
2018,STATE,VA,,Virginia,LIKELY_INTERSTATE,INFERRED,19
2018,STATE,WA,,Washington,LIKELY_INTERSTATE,INFERRED,6
2018,STATE,WI,,Wisconsin,LIKELY_INTERSTATE,INFERRED,3
2018,STATE,WV,,West Virginia,LIKELY_INTERSTATE,INFERRED,2
2019,NC_COUNTY,NC,ALAMANCE,Alamance County,INTRASTATE,OBSERVED,1
2019,NC_COUNTY,NC,ANSON,Anson County,INTRASTATE,OBSERVED,1
2019,NC_COUNTY,NC,ASHE,Ashe County,INTRASTATE,OBSERVED,1
2019,NC_COUNTY,NC,BRUNSWICK,Brunswick County,INTRASTATE,OBSERVED,1
2019,NC_COUNTY,NC,BUNCOMBE,Buncombe County,INTRASTATE,OBSERVED,2
2019,NC_COUNTY,NC,CABARRUS,Cabarrus County,INTRASTATE,OBSERVED,16
2019,NC_COUNTY,NC,CATAWBA,Catawba County,INTRASTATE,OBSERVED,3
2019,NC_COUNTY,NC,CLEVELAND,Cleveland County,INTRASTATE,OBSERVED,3
2019,NC_COUNTY,NC,CUMBERLAND,Cumberland County,INTRASTATE,OBSERVED,5
2019,NC_COUNTY,NC,DAVIDSON,Davidson County,INTRASTATE,OBSERVED,1
2019,NC_COUNTY,NC,DAVIE,Davie County,INTRASTATE,OBSERVED,2
2019,NC_COUNTY,NC,DURHAM,Durham County,INTRASTATE,OBSERVED,8
2019,NC_COUNTY,NC,FORSYTH,Forsyth County,INTRASTATE,OBSERVED,5
2019,NC_COUNTY,NC,GASTON,Gaston County,INTRASTATE,OBSERVED,259
2019,NC_COUNTY,NC,GRANVILLE,Granville County,INTRASTATE,OBSERVED,1
2019,NC_COUNTY,NC,GUILFORD,Guilford County,INTRASTATE,OBSERVED,8
2019,NC_COUNTY,NC,HARNETT,Harnett County,INTRASTATE,OBSERVED,2
2019,NC_COUNTY,NC,HAYWOOD,Haywood County,INTRASTATE,OBSERVED,1
2019,NC_COUNTY,NC,HENDERSON,Henderson County,INTRASTATE,OBSERVED,3
2019,NC_COUNTY,NC,HERTFORD,Hertford County,INTRASTATE,OBSERVED,1
2019,NC_COUNTY,NC,IREDELL,Iredell County,INTRASTATE,OBSERVED,4
2019,NC_COUNTY,NC,JOHNSTON,Johnston County,INTRASTATE,OBSERVED,5
2019,NC_COUNTY,NC,LINCOLN,Lincoln County,INTRASTATE,OBSERVED,10
2019,NC_COUNTY,NC,MADISON,Madison County,INTRASTATE,OBSERVED,2
2019,NC_COUNTY,NC,MECKLENBURG,Mecklenburg County,INTRASTATE,OBSERVED,237
2019,NC_COUNTY,NC,NEW HANOVER,New Hanover County,INTRASTATE,OBSERVED,2
2019,NC_COUNTY,NC,ONSLOW,Onslow County,INTRASTATE,OBSERVED,2
2019,NC_COUNTY,NC,ORANGE,Orange County,INTRASTATE,OBSERVED,3
2019,NC_COUNTY,NC,PENDER,Pender County,INTRASTATE,OBSERVED,2
2019,NC_COUNTY,NC,PITT,Pitt County,INTRASTATE,OBSERVED,1
2019,NC_COUNTY,NC,ROWAN,Rowan County,INTRASTATE,OBSERVED,1
2019,NC_COUNTY,NC,RUTHERFORD,Rutherford County,INTRASTATE,OBSERVED,7
2019,NC_COUNTY,NC,STANLY,Stanly County,INTRASTATE,OBSERVED,2
2019,NC_COUNTY,NC,UNION,Union County,INTRASTATE,OBSERVED,14
2019,NC_COUNTY,NC,WAKE,Wake County,INTRASTATE,OBSERVED,9
2019,NC_COUNTY,NC,WATAUGA,Watauga County,INTRASTATE,OBSERVED,2
2019,NC_COUNTY,NC,YANCEY,Yancey County,INTRASTATE,OBSERVED,1
2019,STATE,AK,,Alaska,LIKELY_INTERSTATE,INFERRED,1
2019,STATE,AL,,Alabama,LIKELY_INTERSTATE,INFERRED,2
2019,STATE,AR,,Arkansas,LIKELY_INTERSTATE,INFERRED,1
2019,STATE,AZ,,Arizona,LIKELY_INTERSTATE,INFERRED,2
2019,STATE,CA,,California,LIKELY_INTERSTATE,INFERRED,19
2019,STATE,CO,,Colorado,LIKELY_INTERSTATE,INFERRED,3
2019,STATE,CT,,Connecticut,LIKELY_INTERSTATE,INFERRED,6
2019,STATE,FL,,Florida,LIKELY_INTERSTATE,INFERRED,5
2019,STATE,GA,,Georgia,LIKELY_INTERSTATE,INFERRED,9
2019,STATE,IA,,Iowa,LIKELY_INTERSTATE,INFERRED,9
2019,STATE,IL,,Illinois,LIKELY_INTERSTATE,INFERRED,7
2019,STATE,IN,,Indiana,LIKELY_INTERSTATE,INFERRED,5
2019,STATE,KS,,Kansas,LIKELY_INTERSTATE,INFERRED,2
2019,STATE,KY,,Kentucky,LIKELY_INTERSTATE,INFERRED,2
2019,STATE,MA,,Massachusetts,LIKELY_INTERSTATE,INFERRED,3
2019,STATE,MD,,Maryland,LIKELY_INTERSTATE,INFERRED,3
2019,STATE,ME,,Maine,LIKELY_INTERSTATE,INFERRED,2
2019,STATE,MI,,Michigan,LIKELY_INTERSTATE,INFERRED,7
2019,STATE,MN,,Minnesota,LIKELY_INTERSTATE,INFERRED,2
2019,STATE,MO,,Missouri,LIKELY_INTERSTATE,INFERRED,2
2019,STATE,MS,,Mississippi,LIKELY_INTERSTATE,INFERRED,4
2019,STATE,MT,,Montana,LIKELY_INTERSTATE,INFERRED,1
2019,STATE,ND,,North Dakota,LIKELY_INTERSTATE,INFERRED,3
2019,STATE,NJ,,New Jersey,LIKELY_INTERSTATE,INFERRED,13
2019,STATE,NY,,New York,LIKELY_INTERSTATE,INFERRED,25
2019,STATE,OH,,Ohio,LIKELY_INTERSTATE,INFERRED,20
2019,STATE,OK,,Oklahoma,LIKELY_INTERSTATE,INFERRED,2
2019,STATE,OR,,Oregon,LIKELY_INTERSTATE,INFERRED,3
2019,STATE,PA,,Pennsylvania,LIKELY_INTERSTATE,INFERRED,21
2019,STATE,RI,,Rhode Island,LIKELY_INTERSTATE,INFERRED,1
2019,STATE,SC,,South Carolina,LIKELY_INTERSTATE,INFERRED,12
2019,STATE,SD,,South Dakota,LIKELY_INTERSTATE,INFERRED,1
2019,STATE,TN,,Tennessee,LIKELY_INTERSTATE,INFERRED,4
2019,STATE,TX,,Texas,LIKELY_INTERSTATE,INFERRED,4
2019,STATE,UT,,Utah,LIKELY_INTERSTATE,INFERRED,2
2019,STATE,VA,,Virginia,LIKELY_INTERSTATE,INFERRED,11
2019,STATE,VT,,Vermont,LIKELY_INTERSTATE,INFERRED,1
2019,STATE,WA,,Washington,LIKELY_INTERSTATE,INFERRED,2
2019,STATE,WI,,Wisconsin,LIKELY_INTERSTATE,INFERRED,3
2020,NC_COUNTY,NC,ALAMANCE,Alamance County,INTRASTATE,OBSERVED,2
2020,NC_COUNTY,NC,BRUNSWICK,Brunswick County,INTRASTATE,OBSERVED,4
2020,NC_COUNTY,NC,BUNCOMBE,Buncombe County,INTRASTATE,OBSERVED,5
2020,NC_COUNTY,NC,BURKE,Burke County,INTRASTATE,OBSERVED,3
2020,NC_COUNTY,NC,CABARRUS,Cabarrus County,INTRASTATE,OBSERVED,26
2020,NC_COUNTY,NC,CARTERET,Carteret County,INTRASTATE,OBSERVED,2
2020,NC_COUNTY,NC,CATAWBA,Catawba County,INTRASTATE,OBSERVED,10
2020,NC_COUNTY,NC,CLEVELAND,Cleveland County,INTRASTATE,OBSERVED,7
2020,NC_COUNTY,NC,CRAVEN,Craven County,INTRASTATE,OBSERVED,1
2020,NC_COUNTY,NC,CUMBERLAND,Cumberland County,INTRASTATE,OBSERVED,2
2020,NC_COUNTY,NC,DAVIDSON,Davidson County,INTRASTATE,OBSERVED,4
2020,NC_COUNTY,NC,DUPLIN,Duplin County,INTRASTATE,OBSERVED,1
2020,NC_COUNTY,NC,DURHAM,Durham County,INTRASTATE,OBSERVED,5
2020,NC_COUNTY,NC,FORSYTH,Forsyth County,INTRASTATE,OBSERVED,3
2020,NC_COUNTY,NC,GASTON,Gaston County,INTRASTATE,OBSERVED,482
2020,NC_COUNTY,NC,GRANVILLE,Granville County,INTRASTATE,OBSERVED,2
2020,NC_COUNTY,NC,GUILFORD,Guilford County,INTRASTATE,OBSERVED,17
2020,NC_COUNTY,NC,HARNETT,Harnett County,INTRASTATE,OBSERVED,2
2020,NC_COUNTY,NC,HAYWOOD,Haywood County,INTRASTATE,OBSERVED,3
2020,NC_COUNTY,NC,HOKE,Hoke County,INTRASTATE,OBSERVED,2
2020,NC_COUNTY,NC,IREDELL,Iredell County,INTRASTATE,OBSERVED,14
2020,NC_COUNTY,NC,JACKSON,Jackson County,INTRASTATE,OBSERVED,3
2020,NC_COUNTY,NC,LINCOLN,Lincoln County,INTRASTATE,OBSERVED,22
2020,NC_COUNTY,NC,MADISON,Madison County,INTRASTATE,OBSERVED,1
2020,NC_COUNTY,NC,MECKLENBURG,Mecklenburg County,INTRASTATE,OBSERVED,429
2020,NC_COUNTY,NC,MOORE,Moore County,INTRASTATE,OBSERVED,4
2020,NC_COUNTY,NC,NASH,Nash County,INTRASTATE,OBSERVED,1
2020,NC_COUNTY,NC,NEW HANOVER,New Hanover County,INTRASTATE,OBSERVED,5
2020,NC_COUNTY,NC,ONSLOW,Onslow County,INTRASTATE,OBSERVED,1
2020,NC_COUNTY,NC,ORANGE,Orange County,INTRASTATE,OBSERVED,8
2020,NC_COUNTY,NC,PENDER,Pender County,INTRASTATE,OBSERVED,2
2020,NC_COUNTY,NC,PITT,Pitt County,INTRASTATE,OBSERVED,11
2020,NC_COUNTY,NC,RANDOLPH,Randolph County,INTRASTATE,OBSERVED,1
2020,NC_COUNTY,NC,RICHMOND,Richmond County,INTRASTATE,OBSERVED,1
2020,NC_COUNTY,NC,ROBESON,Robeson County,INTRASTATE,OBSERVED,1
2020,NC_COUNTY,NC,ROWAN,Rowan County,INTRASTATE,OBSERVED,3
2020,NC_COUNTY,NC,RUTHERFORD,Rutherford County,INTRASTATE,OBSERVED,4
2020,NC_COUNTY,NC,SCOTLAND,Scotland County,INTRASTATE,OBSERVED,1
2020,NC_COUNTY,NC,SURRY,Surry County,INTRASTATE,OBSERVED,1
2020,NC_COUNTY,NC,UNION,Union County,INTRASTATE,OBSERVED,32
2020,NC_COUNTY,NC,WAKE,Wake County,INTRASTATE,OBSERVED,24
2020,NC_COUNTY,NC,WATAUGA,Watauga County,INTRASTATE,OBSERVED,3
2020,NC_COUNTY,NC,WAYNE,Wayne County,INTRASTATE,OBSERVED,2
2020,STATE,AL,,Alabama,LIKELY_INTERSTATE,INFERRED,5
2020,STATE,AZ,,Arizona,LIKELY_INTERSTATE,INFERRED,1
2020,STATE,CA,,California,LIKELY_INTERSTATE,INFERRED,10
2020,STATE,CO,,Colorado,LIKELY_INTERSTATE,INFERRED,3
2020,STATE,CT,,Connecticut,LIKELY_INTERSTATE,INFERRED,9
2020,STATE,DC,,District of Columbia,LIKELY_INTERSTATE,INFERRED,3
2020,STATE,DE,,Delaware,LIKELY_INTERSTATE,INFERRED,1
2020,STATE,FL,,Florida,LIKELY_INTERSTATE,INFERRED,19
2020,STATE,GA,,Georgia,LIKELY_INTERSTATE,INFERRED,8
2020,STATE,HI,,Hawaii,LIKELY_INTERSTATE,INFERRED,2
2020,STATE,IA,,Iowa,LIKELY_INTERSTATE,INFERRED,3
2020,STATE,IL,,Illinois,LIKELY_INTERSTATE,INFERRED,11
2020,STATE,IN,,Indiana,LIKELY_INTERSTATE,INFERRED,1
2020,STATE,KY,,Kentucky,LIKELY_INTERSTATE,INFERRED,3
2020,STATE,LA,,Louisiana,LIKELY_INTERSTATE,INFERRED,4
2020,STATE,MA,,Massachusetts,LIKELY_INTERSTATE,INFERRED,7
2020,STATE,MD,,Maryland,LIKELY_INTERSTATE,INFERRED,6
2020,STATE,ME,,Maine,LIKELY_INTERSTATE,INFERRED,1
2020,STATE,MI,,Michigan,LIKELY_INTERSTATE,INFERRED,16
2020,STATE,MN,,Minnesota,LIKELY_INTERSTATE,INFERRED,2
2020,STATE,MO,,Missouri,LIKELY_INTERSTATE,INFERRED,1
2020,STATE,MT,,Montana,LIKELY_INTERSTATE,INFERRED,1
2020,STATE,ND,,North Dakota,LIKELY_INTERSTATE,INFERRED,1
2020,STATE,NE,,Nebraska,LIKELY_INTERSTATE,INFERRED,1
2020,STATE,NH,,New Hampshire,LIKELY_INTERSTATE,INFERRED,1
2020,STATE,NJ,,New Jersey,LIKELY_INTERSTATE,INFERRED,9
2020,STATE,NY,,New York,LIKELY_INTERSTATE,INFERRED,39
2020,STATE,OH,,Ohio,LIKELY_INTERSTATE,INFERRED,15
2020,STATE,OK,,Oklahoma,LIKELY_INTERSTATE,INFERRED,2
2020,STATE,PA,,Pennsylvania,LIKELY_INTERSTATE,INFERRED,15
2020,STATE,RI,,Rhode Island,LIKELY_INTERSTATE,INFERRED,3
2020,STATE,SC,,South Carolina,LIKELY_INTERSTATE,INFERRED,15
2020,STATE,TN,,Tennessee,LIKELY_INTERSTATE,INFERRED,3
2020,STATE,TX,,Texas,LIKELY_INTERSTATE,INFERRED,4
2020,STATE,UT,,Utah,LIKELY_INTERSTATE,INFERRED,2
2020,STATE,VA,,Virginia,LIKELY_INTERSTATE,INFERRED,12
2020,STATE,VT,,Vermont,LIKELY_INTERSTATE,INFERRED,1
2020,STATE,WA,,Washington,LIKELY_INTERSTATE,INFERRED,8
2020,STATE,WI,,Wisconsin,LIKELY_INTERSTATE,INFERRED,4
2020,STATE,WV,,West Virginia,LIKELY_INTERSTATE,INFERRED,7
2021,NC_COUNTY,NC,BRUNSWICK,Brunswick County,INTRASTATE,OBSERVED,6
2021,NC_COUNTY,NC,BUNCOMBE,Buncombe County,INTRASTATE,OBSERVED,1
2021,NC_COUNTY,NC,CABARRUS,Cabarrus County,INTRASTATE,OBSERVED,7
2021,NC_COUNTY,NC,CATAWBA,Catawba County,INTRASTATE,OBSERVED,4
2021,NC_COUNTY,NC,CLEVELAND,Cleveland County,INTRASTATE,OBSERVED,7
2021,NC_COUNTY,NC,COLUMBUS,Columbus County,INTRASTATE,OBSERVED,1
2021,NC_COUNTY,NC,CRAVEN,Craven County,INTRASTATE,OBSERVED,1
2021,NC_COUNTY,NC,CUMBERLAND,Cumberland County,INTRASTATE,OBSERVED,1
2021,NC_COUNTY,NC,DURHAM,Durham County,INTRASTATE,OBSERVED,5
2021,NC_COUNTY,NC,FORSYTH,Forsyth County,INTRASTATE,OBSERVED,2
2021,NC_COUNTY,NC,FRANKLIN,Franklin County,INTRASTATE,OBSERVED,1
2021,NC_COUNTY,NC,GASTON,Gaston County,INTRASTATE,OBSERVED,245
2021,NC_COUNTY,NC,GUILFORD,Guilford County,INTRASTATE,OBSERVED,7
2021,NC_COUNTY,NC,HARNETT,Harnett County,INTRASTATE,OBSERVED,1
2021,NC_COUNTY,NC,HAYWOOD,Haywood County,INTRASTATE,OBSERVED,2
2021,NC_COUNTY,NC,HENDERSON,Henderson County,INTRASTATE,OBSERVED,3
2021,NC_COUNTY,NC,IREDELL,Iredell County,INTRASTATE,OBSERVED,11
2021,NC_COUNTY,NC,LINCOLN,Lincoln County,INTRASTATE,OBSERVED,3
2021,NC_COUNTY,NC,MACON,Macon County,INTRASTATE,OBSERVED,1
2021,NC_COUNTY,NC,MECKLENBURG,Mecklenburg County,INTRASTATE,OBSERVED,275
2021,NC_COUNTY,NC,MOORE,Moore County,INTRASTATE,OBSERVED,2
2021,NC_COUNTY,NC,NEW HANOVER,New Hanover County,INTRASTATE,OBSERVED,4
2021,NC_COUNTY,NC,ONSLOW,Onslow County,INTRASTATE,OBSERVED,2
2021,NC_COUNTY,NC,POLK,Polk County,INTRASTATE,OBSERVED,1
2021,NC_COUNTY,NC,RANDOLPH,Randolph County,INTRASTATE,OBSERVED,3
2021,NC_COUNTY,NC,ROWAN,Rowan County,INTRASTATE,OBSERVED,2
2021,NC_COUNTY,NC,SURRY,Surry County,INTRASTATE,OBSERVED,3
2021,NC_COUNTY,NC,UNION,Union County,INTRASTATE,OBSERVED,18
2021,NC_COUNTY,NC,WAKE,Wake County,INTRASTATE,OBSERVED,14
2021,NC_COUNTY,NC,WATAUGA,Watauga County,INTRASTATE,OBSERVED,5
2021,NC_COUNTY,NC,WAYNE,Wayne County,INTRASTATE,OBSERVED,2
2021,STATE,AL,,Alabama,LIKELY_INTERSTATE,INFERRED,3
2021,STATE,CA,,California,LIKELY_INTERSTATE,INFERRED,11
2021,STATE,CO,,Colorado,LIKELY_INTERSTATE,INFERRED,1
2021,STATE,CT,,Connecticut,LIKELY_INTERSTATE,INFERRED,4
2021,STATE,DC,,District of Columbia,LIKELY_INTERSTATE,INFERRED,3
2021,STATE,DE,,Delaware,LIKELY_INTERSTATE,INFERRED,1
2021,STATE,FL,,Florida,LIKELY_INTERSTATE,INFERRED,11
2021,STATE,GA,,Georgia,LIKELY_INTERSTATE,INFERRED,5
2021,STATE,IL,,Illinois,LIKELY_INTERSTATE,INFERRED,10
2021,STATE,IN,,Indiana,LIKELY_INTERSTATE,INFERRED,4
2021,STATE,KY,,Kentucky,LIKELY_INTERSTATE,INFERRED,1
2021,STATE,LA,,Louisiana,LIKELY_INTERSTATE,INFERRED,3
2021,STATE,MA,,Massachusetts,LIKELY_INTERSTATE,INFERRED,5
2021,STATE,MD,,Maryland,LIKELY_INTERSTATE,INFERRED,5
2021,STATE,ME,,Maine,LIKELY_INTERSTATE,INFERRED,2
2021,STATE,MI,,Michigan,LIKELY_INTERSTATE,INFERRED,14
2021,STATE,MN,,Minnesota,LIKELY_INTERSTATE,INFERRED,1
2021,STATE,NE,,Nebraska,LIKELY_INTERSTATE,INFERRED,2
2021,STATE,NJ,,New Jersey,LIKELY_INTERSTATE,INFERRED,8
2021,STATE,NY,,New York,LIKELY_INTERSTATE,INFERRED,28
2021,STATE,OH,,Ohio,LIKELY_INTERSTATE,INFERRED,11
2021,STATE,OR,,Oregon,LIKELY_INTERSTATE,INFERRED,3
2021,STATE,PA,,Pennsylvania,LIKELY_INTERSTATE,INFERRED,17
2021,STATE,RI,,Rhode Island,LIKELY_INTERSTATE,INFERRED,3
2021,STATE,SC,,South Carolina,LIKELY_INTERSTATE,INFERRED,6
2021,STATE,TN,,Tennessee,LIKELY_INTERSTATE,INFERRED,4
2021,STATE,TX,,Texas,LIKELY_INTERSTATE,INFERRED,7
2021,STATE,VA,,Virginia,LIKELY_INTERSTATE,INFERRED,7
2021,STATE,VT,,Vermont,LIKELY_INTERSTATE,INFERRED,2
2021,STATE,WA,,Washington,LIKELY_INTERSTATE,INFERRED,5
2021,STATE,WI,,Wisconsin,LIKELY_INTERSTATE,INFERRED,2
2021,STATE,WV,,West Virginia,LIKELY_INTERSTATE,INFERRED,3
2022,NC_COUNTY,NC,ALEXANDER,Alexander County,INTRASTATE,OBSERVED,2
2022,NC_COUNTY,NC,ASHE,Ashe County,INTRASTATE,OBSERVED,1
2022,NC_COUNTY,NC,BRUNSWICK,Brunswick County,INTRASTATE,OBSERVED,5
2022,NC_COUNTY,NC,BUNCOMBE,Buncombe County,INTRASTATE,OBSERVED,9
2022,NC_COUNTY,NC,BURKE,Burke County,INTRASTATE,OBSERVED,3
2022,NC_COUNTY,NC,CABARRUS,Cabarrus County,INTRASTATE,OBSERVED,9
2022,NC_COUNTY,NC,CATAWBA,Catawba County,INTRASTATE,OBSERVED,7
2022,NC_COUNTY,NC,CHATHAM,Chatham County,INTRASTATE,OBSERVED,1
2022,NC_COUNTY,NC,CLEVELAND,Cleveland County,INTRASTATE,OBSERVED,11
2022,NC_COUNTY,NC,CUMBERLAND,Cumberland County,INTRASTATE,OBSERVED,3
2022,NC_COUNTY,NC,CURRITUCK,Currituck County,INTRASTATE,OBSERVED,1
2022,NC_COUNTY,NC,DAVIDSON,Davidson County,INTRASTATE,OBSERVED,1
2022,NC_COUNTY,NC,DAVIE,Davie County,INTRASTATE,OBSERVED,2
2022,NC_COUNTY,NC,DURHAM,Durham County,INTRASTATE,OBSERVED,8
2022,NC_COUNTY,NC,FORSYTH,Forsyth County,INTRASTATE,OBSERVED,3
2022,NC_COUNTY,NC,GASTON,Gaston County,INTRASTATE,OBSERVED,294
2022,NC_COUNTY,NC,GUILFORD,Guilford County,INTRASTATE,OBSERVED,6
2022,NC_COUNTY,NC,HAYWOOD,Haywood County,INTRASTATE,OBSERVED,2
2022,NC_COUNTY,NC,HENDERSON,Henderson County,INTRASTATE,OBSERVED,2
2022,NC_COUNTY,NC,IREDELL,Iredell County,INTRASTATE,OBSERVED,12
2022,NC_COUNTY,NC,JACKSON,Jackson County,INTRASTATE,OBSERVED,2
2022,NC_COUNTY,NC,JOHNSTON,Johnston County,INTRASTATE,OBSERVED,7
2022,NC_COUNTY,NC,LINCOLN,Lincoln County,INTRASTATE,OBSERVED,12
2022,NC_COUNTY,NC,MACON,Macon County,INTRASTATE,OBSERVED,1
2022,NC_COUNTY,NC,MCDOWELL,Mcdowell County,INTRASTATE,OBSERVED,2
2022,NC_COUNTY,NC,MECKLENBURG,Mecklenburg County,INTRASTATE,OBSERVED,312
2022,NC_COUNTY,NC,MONTGOMERY,Montgomery County,INTRASTATE,OBSERVED,1
2022,NC_COUNTY,NC,MOORE,Moore County,INTRASTATE,OBSERVED,2
2022,NC_COUNTY,NC,NEW HANOVER,New Hanover County,INTRASTATE,OBSERVED,5
2022,NC_COUNTY,NC,PENDER,Pender County,INTRASTATE,OBSERVED,1
2022,NC_COUNTY,NC,PITT,Pitt County,INTRASTATE,OBSERVED,2
2022,NC_COUNTY,NC,RANDOLPH,Randolph County,INTRASTATE,OBSERVED,3
2022,NC_COUNTY,NC,RICHMOND,Richmond County,INTRASTATE,OBSERVED,2
2022,NC_COUNTY,NC,ROBESON,Robeson County,INTRASTATE,OBSERVED,2
2022,NC_COUNTY,NC,ROCKINGHAM,Rockingham County,INTRASTATE,OBSERVED,1
2022,NC_COUNTY,NC,ROWAN,Rowan County,INTRASTATE,OBSERVED,4
2022,NC_COUNTY,NC,RUTHERFORD,Rutherford County,INTRASTATE,OBSERVED,3
2022,NC_COUNTY,NC,STANLY,Stanly County,INTRASTATE,OBSERVED,1
2022,NC_COUNTY,NC,UNION,Union County,INTRASTATE,OBSERVED,8
2022,NC_COUNTY,NC,WAKE,Wake County,INTRASTATE,OBSERVED,18
2022,NC_COUNTY,NC,WATAUGA,Watauga County,INTRASTATE,OBSERVED,5
2022,NC_COUNTY,NC,WILKES,Wilkes County,INTRASTATE,OBSERVED,2
2022,STATE,AL,,Alabama,LIKELY_INTERSTATE,INFERRED,6
2022,STATE,AZ,,Arizona,LIKELY_INTERSTATE,INFERRED,1
2022,STATE,CA,,California,LIKELY_INTERSTATE,INFERRED,15
2022,STATE,CO,,Colorado,LIKELY_INTERSTATE,INFERRED,1
2022,STATE,CT,,Connecticut,LIKELY_INTERSTATE,INFERRED,5
2022,STATE,DC,,District of Columbia,LIKELY_INTERSTATE,INFERRED,4
2022,STATE,DE,,Delaware,LIKELY_INTERSTATE,INFERRED,1
2022,STATE,FL,,Florida,LIKELY_INTERSTATE,INFERRED,19
2022,STATE,GA,,Georgia,LIKELY_INTERSTATE,INFERRED,11
2022,STATE,HI,,Hawaii,LIKELY_INTERSTATE,INFERRED,1
2022,STATE,IA,,Iowa,LIKELY_INTERSTATE,INFERRED,2
2022,STATE,ID,,Idaho,LIKELY_INTERSTATE,INFERRED,1
2022,STATE,IL,,Illinois,LIKELY_INTERSTATE,INFERRED,21
2022,STATE,IN,,Indiana,LIKELY_INTERSTATE,INFERRED,7
2022,STATE,KS,,Kansas,LIKELY_INTERSTATE,INFERRED,4
2022,STATE,KY,,Kentucky,LIKELY_INTERSTATE,INFERRED,4
2022,STATE,LA,,Louisiana,LIKELY_INTERSTATE,INFERRED,6
2022,STATE,MA,,Massachusetts,LIKELY_INTERSTATE,INFERRED,5
2022,STATE,MD,,Maryland,LIKELY_INTERSTATE,INFERRED,10
2022,STATE,MI,,Michigan,LIKELY_INTERSTATE,INFERRED,17
2022,STATE,MN,,Minnesota,LIKELY_INTERSTATE,INFERRED,3
2022,STATE,MO,,Missouri,LIKELY_INTERSTATE,INFERRED,1
2022,STATE,MS,,Mississippi,LIKELY_INTERSTATE,INFERRED,2
2022,STATE,MT,,Montana,LIKELY_INTERSTATE,INFERRED,1
2022,STATE,ND,,North Dakota,LIKELY_INTERSTATE,INFERRED,2
2022,STATE,NH,,New Hampshire,LIKELY_INTERSTATE,INFERRED,4
2022,STATE,NJ,,New Jersey,LIKELY_INTERSTATE,INFERRED,20
2022,STATE,NM,,New Mexico,LIKELY_INTERSTATE,INFERRED,2
2022,STATE,NY,,New York,LIKELY_INTERSTATE,INFERRED,33
2022,STATE,OH,,Ohio,LIKELY_INTERSTATE,INFERRED,13
2022,STATE,OK,,Oklahoma,LIKELY_INTERSTATE,INFERRED,2
2022,STATE,OR,,Oregon,LIKELY_INTERSTATE,INFERRED,1
2022,STATE,PA,,Pennsylvania,LIKELY_INTERSTATE,INFERRED,12
2022,STATE,RI,,Rhode Island,LIKELY_INTERSTATE,INFERRED,3
2022,STATE,SC,,South Carolina,LIKELY_INTERSTATE,INFERRED,18
2022,STATE,TN,,Tennessee,LIKELY_INTERSTATE,INFERRED,5
2022,STATE,TX,,Texas,LIKELY_INTERSTATE,INFERRED,9
2022,STATE,UT,,Utah,LIKELY_INTERSTATE,INFERRED,2
2022,STATE,VA,,Virginia,LIKELY_INTERSTATE,INFERRED,12
2022,STATE,WA,,Washington,LIKELY_INTERSTATE,INFERRED,4
2022,STATE,WI,,Wisconsin,LIKELY_INTERSTATE,INFERRED,2
2022,STATE,WV,,West Virginia,LIKELY_INTERSTATE,INFERRED,4
2023,NC_COUNTY,NC,ANSON,Anson County,INTRASTATE,OBSERVED,1
2023,NC_COUNTY,NC,BRUNSWICK,Brunswick County,INTRASTATE,OBSERVED,6
2023,NC_COUNTY,NC,BUNCOMBE,Buncombe County,INTRASTATE,OBSERVED,4
2023,NC_COUNTY,NC,BURKE,Burke County,INTRASTATE,OBSERVED,3
2023,NC_COUNTY,NC,CABARRUS,Cabarrus County,INTRASTATE,OBSERVED,10
2023,NC_COUNTY,NC,CALDWELL,Caldwell County,INTRASTATE,OBSERVED,2
2023,NC_COUNTY,NC,CATAWBA,Catawba County,INTRASTATE,OBSERVED,2
2023,NC_COUNTY,NC,CHATHAM,Chatham County,INTRASTATE,OBSERVED,1
2023,NC_COUNTY,NC,CLEVELAND,Cleveland County,INTRASTATE,OBSERVED,4
2023,NC_COUNTY,NC,CUMBERLAND,Cumberland County,INTRASTATE,OBSERVED,1
2023,NC_COUNTY,NC,DURHAM,Durham County,INTRASTATE,OBSERVED,2
2023,NC_COUNTY,NC,FORSYTH,Forsyth County,INTRASTATE,OBSERVED,2
2023,NC_COUNTY,NC,GASTON,Gaston County,INTRASTATE,OBSERVED,219
2023,NC_COUNTY,NC,GRANVILLE,Granville County,INTRASTATE,OBSERVED,1
2023,NC_COUNTY,NC,GUILFORD,Guilford County,INTRASTATE,OBSERVED,2
2023,NC_COUNTY,NC,HARNETT,Harnett County,INTRASTATE,OBSERVED,2
2023,NC_COUNTY,NC,HENDERSON,Henderson County,INTRASTATE,OBSERVED,1
2023,NC_COUNTY,NC,IREDELL,Iredell County,INTRASTATE,OBSERVED,8
2023,NC_COUNTY,NC,LINCOLN,Lincoln County,INTRASTATE,OBSERVED,13
2023,NC_COUNTY,NC,MECKLENBURG,Mecklenburg County,INTRASTATE,OBSERVED,240
2023,NC_COUNTY,NC,MITCHELL,Mitchell County,INTRASTATE,OBSERVED,1
2023,NC_COUNTY,NC,NEW HANOVER,New Hanover County,INTRASTATE,OBSERVED,4
2023,NC_COUNTY,NC,ORANGE,Orange County,INTRASTATE,OBSERVED,1
2023,NC_COUNTY,NC,PENDER,Pender County,INTRASTATE,OBSERVED,1
2023,NC_COUNTY,NC,PITT,Pitt County,INTRASTATE,OBSERVED,4
2023,NC_COUNTY,NC,RANDOLPH,Randolph County,INTRASTATE,OBSERVED,1
2023,NC_COUNTY,NC,RICHMOND,Richmond County,INTRASTATE,OBSERVED,1
2023,NC_COUNTY,NC,ROWAN,Rowan County,INTRASTATE,OBSERVED,7
2023,NC_COUNTY,NC,RUTHERFORD,Rutherford County,INTRASTATE,OBSERVED,1
2023,NC_COUNTY,NC,UNION,Union County,INTRASTATE,OBSERVED,6
2023,NC_COUNTY,NC,WAKE,Wake County,INTRASTATE,OBSERVED,16
2023,NC_COUNTY,NC,WATAUGA,Watauga County,INTRASTATE,OBSERVED,2
2023,STATE,AL,,Alabama,LIKELY_INTERSTATE,INFERRED,6
2023,STATE,AZ,,Arizona,LIKELY_INTERSTATE,INFERRED,1
2023,STATE,CA,,California,LIKELY_INTERSTATE,INFERRED,15
2023,STATE,CO,,Colorado,LIKELY_INTERSTATE,INFERRED,4
2023,STATE,CT,,Connecticut,LIKELY_INTERSTATE,INFERRED,6
2023,STATE,DC,,District of Columbia,LIKELY_INTERSTATE,INFERRED,1
2023,STATE,DE,,Delaware,LIKELY_INTERSTATE,INFERRED,2
2023,STATE,FL,,Florida,LIKELY_INTERSTATE,INFERRED,13
2023,STATE,GA,,Georgia,LIKELY_INTERSTATE,INFERRED,7
2023,STATE,HI,,Hawaii,LIKELY_INTERSTATE,INFERRED,1
2023,STATE,IA,,Iowa,LIKELY_INTERSTATE,INFERRED,2
2023,STATE,ID,,Idaho,LIKELY_INTERSTATE,INFERRED,1
2023,STATE,IL,,Illinois,LIKELY_INTERSTATE,INFERRED,10
2023,STATE,IN,,Indiana,LIKELY_INTERSTATE,INFERRED,8
2023,STATE,KS,,Kansas,LIKELY_INTERSTATE,INFERRED,3
2023,STATE,KY,,Kentucky,LIKELY_INTERSTATE,INFERRED,3
2023,STATE,LA,,Louisiana,LIKELY_INTERSTATE,INFERRED,6
2023,STATE,MA,,Massachusetts,LIKELY_INTERSTATE,INFERRED,4
2023,STATE,MD,,Maryland,LIKELY_INTERSTATE,INFERRED,8
2023,STATE,ME,,Maine,LIKELY_INTERSTATE,INFERRED,2
2023,STATE,MI,,Michigan,LIKELY_INTERSTATE,INFERRED,8
2023,STATE,MN,,Minnesota,LIKELY_INTERSTATE,INFERRED,3
2023,STATE,MO,,Missouri,LIKELY_INTERSTATE,INFERRED,7
2023,STATE,NE,,Nebraska,LIKELY_INTERSTATE,INFERRED,1
2023,STATE,NH,,New Hampshire,LIKELY_INTERSTATE,INFERRED,1
2023,STATE,NJ,,New Jersey,LIKELY_INTERSTATE,INFERRED,7
2023,STATE,NV,,Nevada,LIKELY_INTERSTATE,INFERRED,1
2023,STATE,NY,,New York,LIKELY_INTERSTATE,INFERRED,31
2023,STATE,OH,,Ohio,LIKELY_INTERSTATE,INFERRED,19
2023,STATE,PA,,Pennsylvania,LIKELY_INTERSTATE,INFERRED,21
2023,STATE,RI,,Rhode Island,LIKELY_INTERSTATE,INFERRED,1
2023,STATE,SC,,South Carolina,LIKELY_INTERSTATE,INFERRED,15
2023,STATE,SD,,South Dakota,LIKELY_INTERSTATE,INFERRED,2
2023,STATE,TN,,Tennessee,LIKELY_INTERSTATE,INFERRED,3
2023,STATE,TX,,Texas,LIKELY_INTERSTATE,INFERRED,9
2023,STATE,UT,,Utah,LIKELY_INTERSTATE,INFERRED,1
2023,STATE,VA,,Virginia,LIKELY_INTERSTATE,INFERRED,11
2023,STATE,WA,,Washington,LIKELY_INTERSTATE,INFERRED,4
2023,STATE,WI,,Wisconsin,LIKELY_INTERSTATE,INFERRED,2
2023,STATE,WV,,West Virginia,LIKELY_INTERSTATE,INFERRED,1
2023,STATE,WY,,Wyoming,LIKELY_INTERSTATE,INFERRED,1
2024,NC_COUNTY,NC,ALAMANCE,Alamance County,INTRASTATE,OBSERVED,1
2024,NC_COUNTY,NC,BRUNSWICK,Brunswick County,INTRASTATE,OBSERVED,5
2024,NC_COUNTY,NC,BUNCOMBE,Buncombe County,INTRASTATE,OBSERVED,10
2024,NC_COUNTY,NC,BURKE,Burke County,INTRASTATE,OBSERVED,1
2024,NC_COUNTY,NC,CABARRUS,Cabarrus County,INTRASTATE,OBSERVED,23
2024,NC_COUNTY,NC,CARTERET,Carteret County,INTRASTATE,OBSERVED,1
2024,NC_COUNTY,NC,CATAWBA,Catawba County,INTRASTATE,OBSERVED,10
2024,NC_COUNTY,NC,CLAY,Clay County,INTRASTATE,OBSERVED,1
2024,NC_COUNTY,NC,CLEVELAND,Cleveland County,INTRASTATE,OBSERVED,18
2024,NC_COUNTY,NC,CRAVEN,Craven County,INTRASTATE,OBSERVED,1
2024,NC_COUNTY,NC,CUMBERLAND,Cumberland County,INTRASTATE,OBSERVED,7
2024,NC_COUNTY,NC,DAVIDSON,Davidson County,INTRASTATE,OBSERVED,2
2024,NC_COUNTY,NC,DURHAM,Durham County,INTRASTATE,OBSERVED,8
2024,NC_COUNTY,NC,FORSYTH,Forsyth County,INTRASTATE,OBSERVED,6
2024,NC_COUNTY,NC,GASTON,Gaston County,INTRASTATE,OBSERVED,418
2024,NC_COUNTY,NC,GATES,Gates County,INTRASTATE,OBSERVED,1
2024,NC_COUNTY,NC,GUILFORD,Guilford County,INTRASTATE,OBSERVED,12
2024,NC_COUNTY,NC,HAYWOOD,Haywood County,INTRASTATE,OBSERVED,1
2024,NC_COUNTY,NC,HENDERSON,Henderson County,INTRASTATE,OBSERVED,1
2024,NC_COUNTY,NC,IREDELL,Iredell County,INTRASTATE,OBSERVED,8
2024,NC_COUNTY,NC,JACKSON,Jackson County,INTRASTATE,OBSERVED,4
2024,NC_COUNTY,NC,JOHNSTON,Johnston County,INTRASTATE,OBSERVED,4
2024,NC_COUNTY,NC,LINCOLN,Lincoln County,INTRASTATE,OBSERVED,14
2024,NC_COUNTY,NC,MACON,Macon County,INTRASTATE,OBSERVED,1
2024,NC_COUNTY,NC,MCDOWELL,Mcdowell County,INTRASTATE,OBSERVED,2
2024,NC_COUNTY,NC,MECKLENBURG,Mecklenburg County,INTRASTATE,OBSERVED,410
2024,NC_COUNTY,NC,MOORE,Moore County,INTRASTATE,OBSERVED,2
2024,NC_COUNTY,NC,NASH,Nash County,INTRASTATE,OBSERVED,1
2024,NC_COUNTY,NC,NEW HANOVER,New Hanover County,INTRASTATE,OBSERVED,3
2024,NC_COUNTY,NC,ONSLOW,Onslow County,INTRASTATE,OBSERVED,2
2024,NC_COUNTY,NC,ORANGE,Orange County,INTRASTATE,OBSERVED,8
2024,NC_COUNTY,NC,PAMLICO,Pamlico County,INTRASTATE,OBSERVED,1
2024,NC_COUNTY,NC,PENDER,Pender County,INTRASTATE,OBSERVED,1
2024,NC_COUNTY,NC,PERSON,Person County,INTRASTATE,OBSERVED,1
2024,NC_COUNTY,NC,PITT,Pitt County,INTRASTATE,OBSERVED,7
2024,NC_COUNTY,NC,RANDOLPH,Randolph County,INTRASTATE,OBSERVED,2
2024,NC_COUNTY,NC,ROBESON,Robeson County,INTRASTATE,OBSERVED,2
2024,NC_COUNTY,NC,ROWAN,Rowan County,INTRASTATE,OBSERVED,1
2024,NC_COUNTY,NC,RUTHERFORD,Rutherford County,INTRASTATE,OBSERVED,2
2024,NC_COUNTY,NC,STANLY,Stanly County,INTRASTATE,OBSERVED,2
2024,NC_COUNTY,NC,STOKES,Stokes County,INTRASTATE,OBSERVED,1
2024,NC_COUNTY,NC,SURRY,Surry County,INTRASTATE,OBSERVED,1
2024,NC_COUNTY,NC,TRANSYLVANIA,Transylvania County,INTRASTATE,OBSERVED,2
2024,NC_COUNTY,NC,UNION,Union County,INTRASTATE,OBSERVED,24
2024,NC_COUNTY,NC,VANCE,Vance County,INTRASTATE,OBSERVED,1
2024,NC_COUNTY,NC,WAKE,Wake County,INTRASTATE,OBSERVED,17
2024,NC_COUNTY,NC,WATAUGA,Watauga County,INTRASTATE,OBSERVED,10
2024,NC_COUNTY,NC,WAYNE,Wayne County,INTRASTATE,OBSERVED,1
2024,NC_COUNTY,NC,WILKES,Wilkes County,INTRASTATE,OBSERVED,2
2024,STATE,AK,,Alaska,LIKELY_INTERSTATE,INFERRED,1
2024,STATE,AL,,Alabama,LIKELY_INTERSTATE,INFERRED,2
2024,STATE,AZ,,Arizona,LIKELY_INTERSTATE,INFERRED,2
2024,STATE,CA,,California,LIKELY_INTERSTATE,INFERRED,22
2024,STATE,CT,,Connecticut,LIKELY_INTERSTATE,INFERRED,6
2024,STATE,DC,,District of Columbia,LIKELY_INTERSTATE,INFERRED,1
2024,STATE,DE,,Delaware,LIKELY_INTERSTATE,INFERRED,1
2024,STATE,FL,,Florida,LIKELY_INTERSTATE,INFERRED,17
2024,STATE,GA,,Georgia,LIKELY_INTERSTATE,INFERRED,9
2024,STATE,IA,,Iowa,LIKELY_INTERSTATE,INFERRED,3
2024,STATE,ID,,Idaho,LIKELY_INTERSTATE,INFERRED,1
2024,STATE,IL,,Illinois,LIKELY_INTERSTATE,INFERRED,19
2024,STATE,IN,,Indiana,LIKELY_INTERSTATE,INFERRED,4
2024,STATE,KS,,Kansas,LIKELY_INTERSTATE,INFERRED,2
2024,STATE,KY,,Kentucky,LIKELY_INTERSTATE,INFERRED,4
2024,STATE,LA,,Louisiana,LIKELY_INTERSTATE,INFERRED,3
2024,STATE,MA,,Massachusetts,LIKELY_INTERSTATE,INFERRED,11
2024,STATE,MD,,Maryland,LIKELY_INTERSTATE,INFERRED,7
2024,STATE,MI,,Michigan,LIKELY_INTERSTATE,INFERRED,5
2024,STATE,MN,,Minnesota,LIKELY_INTERSTATE,INFERRED,3
2024,STATE,MO,,Missouri,LIKELY_INTERSTATE,INFERRED,3
2024,STATE,MS,,Mississippi,LIKELY_INTERSTATE,INFERRED,1
2024,STATE,MT,,Montana,LIKELY_INTERSTATE,INFERRED,1
2024,STATE,NE,,Nebraska,LIKELY_INTERSTATE,INFERRED,2
2024,STATE,NH,,New Hampshire,LIKELY_INTERSTATE,INFERRED,2
2024,STATE,NJ,,New Jersey,LIKELY_INTERSTATE,INFERRED,13
2024,STATE,NM,,New Mexico,LIKELY_INTERSTATE,INFERRED,1
2024,STATE,NV,,Nevada,LIKELY_INTERSTATE,INFERRED,2
2024,STATE,NY,,New York,LIKELY_INTERSTATE,INFERRED,30
2024,STATE,OH,,Ohio,LIKELY_INTERSTATE,INFERRED,19
2024,STATE,OK,,Oklahoma,LIKELY_INTERSTATE,INFERRED,2
2024,STATE,OR,,Oregon,LIKELY_INTERSTATE,INFERRED,1
2024,STATE,PA,,Pennsylvania,LIKELY_INTERSTATE,INFERRED,26
2024,STATE,RI,,Rhode Island,LIKELY_INTERSTATE,INFERRED,5
2024,STATE,SC,,South Carolina,LIKELY_INTERSTATE,INFERRED,14
2024,STATE,SD,,South Dakota,LIKELY_INTERSTATE,INFERRED,4
2024,STATE,TN,,Tennessee,LIKELY_INTERSTATE,INFERRED,2
2024,STATE,TX,,Texas,LIKELY_INTERSTATE,INFERRED,9
2024,STATE,VA,,Virginia,LIKELY_INTERSTATE,INFERRED,16
2024,STATE,VT,,Vermont,LIKELY_INTERSTATE,INFERRED,2
2024,STATE,WI,,Wisconsin,LIKELY_INTERSTATE,INFERRED,8
2024,STATE,WV,,West Virginia,LIKELY_INTERSTATE,INFERRED,3
2025,NC_COUNTY,NC,ALAMANCE,Alamance County,INTRASTATE,OBSERVED,1
2025,NC_COUNTY,NC,ASHE,Ashe County,INTRASTATE,OBSERVED,1
2025,NC_COUNTY,NC,AVERY,Avery County,INTRASTATE,OBSERVED,1
2025,NC_COUNTY,NC,BRUNSWICK,Brunswick County,INTRASTATE,OBSERVED,11
2025,NC_COUNTY,NC,BUNCOMBE,Buncombe County,INTRASTATE,OBSERVED,7
2025,NC_COUNTY,NC,BURKE,Burke County,INTRASTATE,OBSERVED,2
2025,NC_COUNTY,NC,CABARRUS,Cabarrus County,INTRASTATE,OBSERVED,8
2025,NC_COUNTY,NC,CALDWELL,Caldwell County,INTRASTATE,OBSERVED,2
2025,NC_COUNTY,NC,CATAWBA,Catawba County,INTRASTATE,OBSERVED,5
2025,NC_COUNTY,NC,CLEVELAND,Cleveland County,INTRASTATE,OBSERVED,6
2025,NC_COUNTY,NC,DAVIDSON,Davidson County,INTRASTATE,OBSERVED,3
2025,NC_COUNTY,NC,DURHAM,Durham County,INTRASTATE,OBSERVED,1
2025,NC_COUNTY,NC,FORSYTH,Forsyth County,INTRASTATE,OBSERVED,3
2025,NC_COUNTY,NC,GASTON,Gaston County,INTRASTATE,OBSERVED,257
2025,NC_COUNTY,NC,GUILFORD,Guilford County,INTRASTATE,OBSERVED,7
2025,NC_COUNTY,NC,HAYWOOD,Haywood County,INTRASTATE,OBSERVED,2
2025,NC_COUNTY,NC,HENDERSON,Henderson County,INTRASTATE,OBSERVED,1
2025,NC_COUNTY,NC,IREDELL,Iredell County,INTRASTATE,OBSERVED,11
2025,NC_COUNTY,NC,JACKSON,Jackson County,INTRASTATE,OBSERVED,1
2025,NC_COUNTY,NC,JOHNSTON,Johnston County,INTRASTATE,OBSERVED,3
2025,NC_COUNTY,NC,LEE,Lee County,INTRASTATE,OBSERVED,3
2025,NC_COUNTY,NC,LINCOLN,Lincoln County,INTRASTATE,OBSERVED,14
2025,NC_COUNTY,NC,MECKLENBURG,Mecklenburg County,INTRASTATE,OBSERVED,233
2025,NC_COUNTY,NC,MOORE,Moore County,INTRASTATE,OBSERVED,2
2025,NC_COUNTY,NC,ONSLOW,Onslow County,INTRASTATE,OBSERVED,1
2025,NC_COUNTY,NC,PERQUIMANS,Perquimans County,INTRASTATE,OBSERVED,2
2025,NC_COUNTY,NC,PITT,Pitt County,INTRASTATE,OBSERVED,1
2025,NC_COUNTY,NC,RANDOLPH,Randolph County,INTRASTATE,OBSERVED,1
2025,NC_COUNTY,NC,ROCKINGHAM,Rockingham County,INTRASTATE,OBSERVED,1
2025,NC_COUNTY,NC,ROWAN,Rowan County,INTRASTATE,OBSERVED,2
2025,NC_COUNTY,NC,RUTHERFORD,Rutherford County,INTRASTATE,OBSERVED,2
2025,NC_COUNTY,NC,SCOTLAND,Scotland County,INTRASTATE,OBSERVED,1
2025,NC_COUNTY,NC,UNION,Union County,INTRASTATE,OBSERVED,19
2025,NC_COUNTY,NC,WAKE,Wake County,INTRASTATE,OBSERVED,14
2025,NC_COUNTY,NC,WATAUGA,Watauga County,INTRASTATE,OBSERVED,3
2025,STATE,AK,,Alaska,LIKELY_INTERSTATE,INFERRED,1
2025,STATE,AL,,Alabama,LIKELY_INTERSTATE,INFERRED,2
2025,STATE,AZ,,Arizona,LIKELY_INTERSTATE,INFERRED,3
2025,STATE,CA,,California,LIKELY_INTERSTATE,INFERRED,27
2025,STATE,CO,,Colorado,LIKELY_INTERSTATE,INFERRED,2
2025,STATE,CT,,Connecticut,LIKELY_INTERSTATE,INFERRED,5
2025,STATE,DC,,District of Columbia,LIKELY_INTERSTATE,INFERRED,2
2025,STATE,FL,,Florida,LIKELY_INTERSTATE,INFERRED,9
2025,STATE,GA,,Georgia,LIKELY_INTERSTATE,INFERRED,9
2025,STATE,HI,,Hawaii,LIKELY_INTERSTATE,INFERRED,1
2025,STATE,IA,,Iowa,LIKELY_INTERSTATE,INFERRED,3
2025,STATE,ID,,Idaho,LIKELY_INTERSTATE,INFERRED,1
2025,STATE,IL,,Illinois,LIKELY_INTERSTATE,INFERRED,29
2025,STATE,IN,,Indiana,LIKELY_INTERSTATE,INFERRED,5
2025,STATE,KS,,Kansas,LIKELY_INTERSTATE,INFERRED,4
2025,STATE,KY,,Kentucky,LIKELY_INTERSTATE,INFERRED,2
2025,STATE,LA,,Louisiana,LIKELY_INTERSTATE,INFERRED,1
2025,STATE,MA,,Massachusetts,LIKELY_INTERSTATE,INFERRED,7
2025,STATE,MD,,Maryland,LIKELY_INTERSTATE,INFERRED,15
2025,STATE,MI,,Michigan,LIKELY_INTERSTATE,INFERRED,9
2025,STATE,MN,,Minnesota,LIKELY_INTERSTATE,INFERRED,3
2025,STATE,MO,,Missouri,LIKELY_INTERSTATE,INFERRED,2
2025,STATE,MS,,Mississippi,LIKELY_INTERSTATE,INFERRED,1
2025,STATE,MT,,Montana,LIKELY_INTERSTATE,INFERRED,3
2025,STATE,ND,,North Dakota,LIKELY_INTERSTATE,INFERRED,2
2025,STATE,NE,,Nebraska,LIKELY_INTERSTATE,INFERRED,1
2025,STATE,NH,,New Hampshire,LIKELY_INTERSTATE,INFERRED,2
2025,STATE,NJ,,New Jersey,LIKELY_INTERSTATE,INFERRED,16
2025,STATE,NM,,New Mexico,LIKELY_INTERSTATE,INFERRED,1
2025,STATE,NY,,New York,LIKELY_INTERSTATE,INFERRED,41
2025,STATE,OH,,Ohio,LIKELY_INTERSTATE,INFERRED,22
2025,STATE,OK,,Oklahoma,LIKELY_INTERSTATE,INFERRED,3
2025,STATE,PA,,Pennsylvania,LIKELY_INTERSTATE,INFERRED,15
2025,STATE,RI,,Rhode Island,LIKELY_INTERSTATE,INFERRED,1
2025,STATE,SC,,South Carolina,LIKELY_INTERSTATE,INFERRED,14
2025,STATE,SD,,South Dakota,LIKELY_INTERSTATE,INFERRED,1
2025,STATE,TN,,Tennessee,LIKELY_INTERSTATE,INFERRED,5
2025,STATE,TX,,Texas,LIKELY_INTERSTATE,INFERRED,11
2025,STATE,UT,,Utah,LIKELY_INTERSTATE,INFERRED,2
2025,STATE,VA,,Virginia,LIKELY_INTERSTATE,INFERRED,14
2025,STATE,WA,,Washington,LIKELY_INTERSTATE,INFERRED,3
2025,STATE,WI,,Wisconsin,LIKELY_INTERSTATE,INFERRED,3
2025,STATE,WV,,West Virginia,LIKELY_INTERSTATE,INFERRED,2
