cohort_year,snapshot_year,years_since_arrival,cohort_size,present,continuously_present
2016,2017,0,1740,1740,1740
2016,2018,1,1740,1649,1649
2016,2019,2,1740,1492,1489
2016,2020,3,1740,1386,1382
2016,2021,4,1740,1243,1229
2016,2022,5,1740,1126,1103
2016,2023,6,1740,1054,1029
2016,2024,7,1740,948,921
2016,2025,8,1740,877,841
2016,2026,9,1740,761,717
2017,2018,0,792,792,792
2017,2019,1,792,713,713
2017,2020,2,792,647,645
2017,2021,3,792,573,566
2017,2022,4,792,525,515
2017,2023,5,792,499,486
2017,2024,6,792,459,443
2017,2025,7,792,423,403
2017,2026,8,792,360,341
2018,2019,0,1356,1356,1356
2018,2020,1,1356,1272,1272
2018,2021,2,1356,1097,1097
2018,2022,3,1356,1027,1023
2018,2023,4,1356,941,930
2018,2024,5,1356,887,872
2018,2025,6,1356,817,792
2018,2026,7,1356,723,698
2019,2020,0,1209,1209,1209
2019,2021,1,1209,1088,1088
2019,2022,2,1209,1008,1006
2019,2023,3,1209,922,919
2019,2024,4,1209,879,872
2019,2025,5,1209,784,773
2019,2026,6,1209,710,696
2020,2021,0,2285,2285,2285
2020,2022,1,2285,2131,2131
2020,2023,2,2285,1968,1962
2020,2024,3,2285,1854,1848
2020,2025,4,2285,1623,1609
2020,2026,5,2285,1496,1477
2021,2022,0,1160,1160,1160
2021,2023,1,1160,1064,1064
2021,2024,2,1160,998,997
2021,2025,3,1160,888,882
2021,2026,4,1160,831,822
2022,2023,0,1453,1453,1453
2022,2024,1,1453,1360,1360
2022,2025,2,1453,1194,1194
2022,2026,3,1453,1148,1142
2023,2024,0,1172,1172,1172
2023,2025,1,1172,1028,1028
2023,2026,2,1172,950,948
2024,2025,0,2046,2046,2046
2024,2026,1,2046,1888,1888
2025,2026,0,1286,1286,1286
