file,bytes,sha256,role
outputs/GASTON_BELMONT/arrival_history_2016.parquet,6864,e1bd2c56f8976984b1c32c35919b5506f0b51a6bc94a954360f1f078843d57c6,Intermediate cache / audit evidence
outputs/GASTON_BELMONT/arrival_history_2017.parquet,23238,df0c809e6984b7c5a9eb85fc18bb5bfa062d075fab0373d72d94a992792fd364,Intermediate cache / audit evidence
outputs/GASTON_BELMONT/arrival_history_2018.parquet,32951,014941fb5b551c0eb3be67855de5383e1394b6e7f66109a2f6abfc3782b40c84,Intermediate cache / audit evidence
outputs/GASTON_BELMONT/arrival_history_2019.parquet,28352,837830d97ca27a68d702d0da4ececa595dcba2765c70d6ca60b628b5081fab32,Intermediate cache / audit evidence
outputs/GASTON_BELMONT/arrival_history_2020.parquet,47934,3b704e9c94bbdd137bb4de5721f3fdf6d5efc365091acb26996649742920cd42,Intermediate cache / audit evidence
outputs/GASTON_BELMONT/arrival_history_2021.parquet,30498,0c36aded514d1c0c5e37b8f96c1441fab85039635e18226576e78024875fe51e,Intermediate cache / audit evidence
outputs/GASTON_BELMONT/arrival_history_2022.parquet,35598,371d14a054adf67ffb60ac786c0e8348110678829fde7334d5d39640a02b5b6f,Intermediate cache / audit evidence
outputs/GASTON_BELMONT/arrival_history_2023.parquet,29955,68de89b2dccbbbcf1926d24dda4158bc9923c0c5edb3aaddcfbbe5c3ddbd8dfe,Intermediate cache / audit evidence
outputs/GASTON_BELMONT/arrival_history_2024.parquet,45283,9776f18f18b38de42fdeb4c0aad0b572712c7965dff39022e1fc24a9c0076781,Intermediate cache / audit evidence
outputs/GASTON_BELMONT/arrival_history_2025.parquet,31441,8abbb27f26d8d1e149f010733f703a70323e1ed34642c278a67ea079439b332a,Intermediate cache / audit evidence
outputs/GASTON_BELMONT/arrivals_2016.parquet,148441,28d67aec20c567ac096fd38a4c1e31537a6e68359c3253ee2311c01562e0e012,Intermediate cache / audit evidence
outputs/GASTON_BELMONT/arrivals_2017.parquet,37253,9c0a070dd51e68006420b504376ea6196fbcebbdf9dfcb00b9e40118f18d179d,Intermediate cache / audit evidence
outputs/GASTON_BELMONT/arrivals_2018.parquet,50417,290fe8aabf93059afa36f65312744ce52579f71ae679fa877a337b67060eec5f,Intermediate cache / audit evidence
outputs/GASTON_BELMONT/arrivals_2019.parquet,46787,0e38ac612a9a1c0e3bdea35261a25b11d99070571f98925729f1dd8540ddccaa,Intermediate cache / audit evidence
outputs/GASTON_BELMONT/arrivals_2020.parquet,69603,dcc94b979b4cf560fd3e5d51181c7dad61f29c8eb0c22fc46bce9e5b9fb0fc3f,Intermediate cache / audit evidence
outputs/GASTON_BELMONT/arrivals_2021.parquet,45227,08a84d762f238f3087786262bc7264229cdea1308da9ba6c00e03237897ef971,Intermediate cache / audit evidence
outputs/GASTON_BELMONT/arrivals_2022.parquet,52372,9d108b864236114c059828989c59dcc17420c77796adda1fadebb7c548ed8455,Intermediate cache / audit evidence
outputs/GASTON_BELMONT/arrivals_2023.parquet,44701,f63bb2af3962f652e4f337e011eb4113cced405f0cb9579bf803bec961a7a34c,Intermediate cache / audit evidence
outputs/GASTON_BELMONT/arrivals_2024.parquet,65236,49797998a631827639061ce2ca92c24f346dc81f7facde35d550082d12065ed8,Intermediate cache / audit evidence
outputs/GASTON_BELMONT/arrivals_2025.parquet,47306,6bdb81456053935311fab69bdf9d9c928dc86bede769665fc0a08a72b5d61a96,Intermediate cache / audit evidence
outputs/GASTON_BELMONT/cohort_summary.csv,256,5929678746657e9744887cbc3beb65ccae51f0b8c071e7f76fa9d4ace398b8a7,Superseded summary; 2016 baseline mismatch
outputs/GASTON_BELMONT/map_outputs/belmont_10yr_flows_2016_2025.csv,7179,c6a2505d246d0a4ce95ad06b79b90320dfdef0c2d018219587985e0885ff546e,Intermediate cache / audit evidence
outputs/GASTON_BELMONT/map_outputs/belmont_annual_flows_2016_2025.csv,45458,b10228c63f3d15ae5ca38157a46cf0c324f57d3941768f7c55b226d0890fea32,Intermediate cache / audit evidence
outputs/GASTON_BELMONT/map_outputs/belmont_map_coverage_by_year.csv,253,ed2b172e7d76c57f0325a3f724e9c1dd27b0c3f1b96000c6b34b3a4a268bcf93,Intermediate cache / audit evidence
outputs/GASTON_BELMONT/map_outputs/belmont_migration_detail_by_year.csv,2313,0452ea014896f6d1f2a1f6975781e6581b9ef6ba6433a6d465066456a4a019bc,Intermediate cache / audit evidence
outputs/GASTON_BELMONT/map_outputs/belmont_migration_people_2016_2025.csv,3042404,73c61a5e91e01be5a274c51a8f83226a01fe0212c7d8ee8aea730ac08de5e7aa,Intermediate cache / audit evidence
outputs/GASTON_BELMONT/map_outputs/belmont_migration_people_2016_2025.parquet,382664,f07402aee6ba32af1396e01efbc4acf69ecc61f3c85307a72b0e9b212042ddf8,Intermediate cache / audit evidence
outputs/GASTON_BELMONT/map_outputs/classified_arrivals_2016.parquet,68158,ea04cf1b5241bd5b1156bb2322a01999780fd3f9e2ee04e7204106dd84bd9391,Intermediate cache / audit evidence
outputs/GASTON_BELMONT/map_outputs/classified_arrivals_2017.parquet,43823,35c3b75d72e02af5d2241a7a5b5383cf7c8a1b50487b2d4f9337da92ea0e4f92,Intermediate cache / audit evidence
outputs/GASTON_BELMONT/map_outputs/classified_arrivals_2018.parquet,58773,f356b20b0627bb3e89273c2706dc3731793fe911000c63913d9e207b388cf8c0,Intermediate cache / audit evidence
outputs/GASTON_BELMONT/map_outputs/classified_arrivals_2019.parquet,54359,e0fd03ae728dee194da657ff6aba51dfa751c2bc66588c4ccd154d06aad22ee4,Intermediate cache / audit evidence
outputs/GASTON_BELMONT/map_outputs/classified_arrivals_2020.parquet,80595,3f0fcd2ea616632e961e568ba9bd930dce1c231e113188984224b3b365bd0ad6,Intermediate cache / audit evidence
outputs/GASTON_BELMONT/map_outputs/classified_arrivals_2021.parquet,52913,baac9adec9d8e9b95b1dd2ef0bb9d008da5923ddb46ff93bdca3f370027085aa,Intermediate cache / audit evidence
outputs/GASTON_BELMONT/map_outputs/classified_arrivals_2022.parquet,61700,ab31ce9f86b1fe506904cdede780ee8843afde026227b28ef9c4fda9788e98de,Intermediate cache / audit evidence
outputs/GASTON_BELMONT/map_outputs/classified_arrivals_2023.parquet,52628,be3f78652a43946d526898ec13df1621bc70765a63a3dcb4e7c909e76e20796e,Intermediate cache / audit evidence
outputs/GASTON_BELMONT/map_outputs/classified_arrivals_2024.parquet,75541,5e24596d02aca4bd80ee89bf8a51f2de4d0636813ce5a75eee9a2401e0dbb04c,Intermediate cache / audit evidence
outputs/GASTON_BELMONT/map_outputs/classified_arrivals_2025.parquet,55434,2d37e91920bc7c4131298db717cae84cbfc7bee585ef3ded4baf4e46d9f691ed,Intermediate cache / audit evidence
outputs/GASTON_BELMONT/map_outputs/enriched/belmont_10yr_flows_enriched_2016_2025.csv,9664,b5be3cee3cf66c25ce05c2bfc28824f3ace1d752f13f8abcf32d6f6758b43a4b,Final enriched classifications and coverage
outputs/GASTON_BELMONT/map_outputs/enriched/belmont_annual_flows_enriched_2016_2025.csv,51902,03a4e4178299f7890274698b70963394791c477c4cf6a1c29f0ab9d89492c82a,Final enriched classifications and coverage
outputs/GASTON_BELMONT/map_outputs/enriched/belmont_map_coverage_enriched.csv,253,a0ef7117e7b653ec8cad985856a9c01736f19f756dd579fe3b8c74d9410cbb74,Final enriched classifications and coverage
outputs/GASTON_BELMONT/map_outputs/enriched/belmont_migration_people_enriched_2016_2025.csv,4738904,a2a507cccd3bba5311a4295a3530c1103625fdb6bd75b18f3db179c57d6cb7e2,Final enriched classifications and coverage
outputs/GASTON_BELMONT/map_outputs/enriched/belmont_migration_people_enriched_2016_2025.parquet,503635,8acc7e7028c9c45565a4771b40d23c259e37d4e34f41474e61f87a076c4e16c3,Final enriched classifications and coverage
outputs/GASTON_BELMONT/map_outputs/enriched/map_ready/belmont_10yr_flows_map_ready_2016_2025.csv,23916,cbd99d3b9059a0454bac0f536ac0bd158f95d87a40e2b612b5c9e7ff4978992f,Geographic coordinates and enriched flow totals
outputs/GASTON_BELMONT/map_outputs/enriched/map_ready/belmont_annual_flows_map_ready_2016_2025.csv,127026,0b74114e445fbf14c0c1e61662049565411a625ba09d2ebed5d8daa5c715d9e0,Geographic coordinates and enriched flow totals
outputs/GASTON_BELMONT/map_outputs/enriched/restart_cache/gaston_deep_final.parquet,216856,92d0aaedabdab49768fe568d71a5c6ab4c478fe7f2dd2599cac8965ae419a2ac,Intermediate cache / audit evidence
outputs/GASTON_BELMONT/map_outputs/enriched/restart_cache/gaston_movers_stage1.parquet,149859,5d2d4dcdd6a9569b4cd1ad1bd516883e5cd033f722ec5a62ee751b8b57e70121,Intermediate cache / audit evidence
outputs/GASTON_BELMONT/map_outputs/enriched/restart_cache/meck_deep_final_birth_recovered.parquet,162662,a5da51d704a25b7fa0a258fd1f42032f51cbff0beb833918462f7d3560ff67dd,Intermediate cache / audit evidence
outputs/GASTON_BELMONT/map_outputs/enriched/restart_cache/meck_deep_stage2.parquet,142172,17f3d0d31aa2b8a08f680ec61bd01a88f0018b87445e2900ae36d54cae968697,Intermediate cache / audit evidence
outputs/GASTON_BELMONT/map_outputs/enriched/restart_cache/meck_movers_stage1.parquet,125479,35dc4815c403638af0bbef76a64238f1d5b4120a515845473adcc4212b92403f,Intermediate cache / audit evidence
outputs/GASTON_BELMONT/map_outputs/enriched/restart_cache/voter_history_gaston_targets.parquet,59641,40c57f3f9e6e84cd93518f131bd177a599ae79d852b80131987ca1690c9ea9e0,Intermediate cache / audit evidence
outputs/GASTON_BELMONT/map_outputs/enriched/restart_cache/voter_history_gaston_targets.parquet.targets.txt,29223,677651007187d982b684274d2052247c763363502e3cfc963b7e22991d91c06f,Intermediate cache / audit evidence
outputs/GASTON_BELMONT/map_outputs/enriched/restart_cache/voter_history_mecklenburg_targets.parquet,58161,8321a49b541d5226332ba10ecac3a8586e370895f5163b6ec86fd2f48663c645,Intermediate cache / audit evidence
outputs/GASTON_BELMONT/map_outputs/enriched/restart_cache/voter_history_mecklenburg_targets.parquet.targets.txt,26194,37d62cb70a0230701ac3569742bcf06dc206586afc7af046f3f5415726a01770,Intermediate cache / audit evidence
outputs/GASTON_BELMONT/validation/arrival_validation_2016.parquet,31923,d759e714c841bd0e576b8d1a24639023f6df5f6ea4de218e4d106a3813bb0cf2,Arrival reconciliation and prior snapshot evidence
outputs/GASTON_BELMONT/validation/arrival_validation_2017.parquet,19567,7373b4c4766a537b0c411f9a1e0bf7a023e1dc5dc4ed50a5e3391b521bb5aa6c,Arrival reconciliation and prior snapshot evidence
outputs/GASTON_BELMONT/validation/arrival_validation_2018.parquet,27051,e090d168cfe65ef393a5c76acbdc85043856e2b2a3662c8a0f02509ae1630e48,Arrival reconciliation and prior snapshot evidence
outputs/GASTON_BELMONT/validation/arrival_validation_2019.parquet,24972,c0052f6e6d3d44d24fd10687af64322730495bde58757ead6cd8226605753dbf,Arrival reconciliation and prior snapshot evidence
outputs/GASTON_BELMONT/validation/arrival_validation_2020.parquet,38430,a54a994066137ef299ccc43142d64b8e8fb7bf1e344d0848230b4d31e7a2cc27,Arrival reconciliation and prior snapshot evidence
outputs/GASTON_BELMONT/validation/arrival_validation_2021.parquet,23825,7fab6bc3298188013b2cc0934738b1f27d1000b87bb2dcc9fe99bdda05b90cd4,Arrival reconciliation and prior snapshot evidence
outputs/GASTON_BELMONT/validation/arrival_validation_2022.parquet,27594,ca96a910c37e445cda8752fea7682cc137b4b2bc54c803159ffd989981abc061,Arrival reconciliation and prior snapshot evidence
outputs/GASTON_BELMONT/validation/arrival_validation_2023.parquet,23903,0c9bd2837683a9bc680a5026f86789154583de2a68ce1dc2d6264cea59cc59ce,Arrival reconciliation and prior snapshot evidence
outputs/GASTON_BELMONT/validation/arrival_validation_2024.parquet,34889,88999fc4ac9ed772f89075623721ae7a6e7ddb82ee46d14330a43d42dd500fa2,Arrival reconciliation and prior snapshot evidence
outputs/GASTON_BELMONT/validation/arrival_validation_2025.parquet,25316,86658d654c468f3e5a689f43e7d0f03b3819dc77db2463900a37c8932571dd7a,Arrival reconciliation and prior snapshot evidence
outputs/GASTON_BELMONT/validation/arrival_validation_by_year.csv,366,7528c64873b33b2dd5f2e49c2d63ce4e984768a5506e4a65036f21d854fefd67,Arrival reconciliation and prior snapshot evidence
snapshots/snapshot_20160101.parquet,348412513,7d11cff4f272fa21561a1f98ee5ae192fba1c5bed76d68e24cd52b9b2c839447,"Annual stocks, arrivals, departures, profiles and retention"
snapshots/snapshot_20170101.parquet,375030599,fa771da17d669819007c459f10c877116702e0654b2eff373165308cf5349582,"Annual stocks, arrivals, departures, profiles and retention"
snapshots/snapshot_20180101.parquet,384631207,c16f9439b2298d9a246663c1d091af4d192b024b07a175d517fdd6b01c63d2a0,"Annual stocks, arrivals, departures, profiles and retention"
snapshots/snapshot_20190101.parquet,404945875,8f262f7bc5995d8559bb302d7605c7a7823e39b5609c9a8a9f397d68e4d2ba52,"Annual stocks, arrivals, departures, profiles and retention"
snapshots/snapshot_20200101.parquet,422194417,a67e11d4c4a06410e1ab474b75305bbeb5f18cdedaaee08d4194ca2d0f9f71c8,"Annual stocks, arrivals, departures, profiles and retention"
snapshots/snapshot_20210101.parquet,450569142,f5701964db781bd48e79902f598de19b61b90dcd2c35f1e93060043855a061a9,"Annual stocks, arrivals, departures, profiles and retention"
snapshots/snapshot_20220101.parquet,464114077,eeee1752533161e3dc647413704e1a2883eb9d81e04917d6bc30e6baf9b95301,"Annual stocks, arrivals, departures, profiles and retention"
snapshots/snapshot_20230101.parquet,481821713,3861e7a31933cb975a67ffb640823496b9ee09f9e4b9f6f4c0f8eb6275b2e125,"Annual stocks, arrivals, departures, profiles and retention"
snapshots/snapshot_20240101.parquet,497893782,a1fcb9de9d87b2df0b108a7826330b2b1c145debde5edaa0bcf1fe9c3f4ab96f,"Annual stocks, arrivals, departures, profiles and retention"
snapshots/snapshot_20250101.parquet,525760142,00bd954a0e5368f208b77189a633b5da7302184a2fd88895d5ed4e6feb756987,"Annual stocks, arrivals, departures, profiles and retention"
snapshots/snapshot_20260101.parquet,526704943,52f8aa286ee9968ffa0f36f05b1b46ff586384ffe394a8ca3b0b8c8bfa85cf64,"Annual stocks, arrivals, departures, profiles and retention"
